time,seconds_elapsed,z,y,x
1772796609750547000,0.076546875,1.8150423765182495,-0.10574141144752502,-0.7191137671470642
1772796609760539000,0.086538818359375,1.9387319087982178,-0.04471083730459213,-0.6122691035270691
1772796609770530800,0.09653076171875,2.0446078777313232,-0.028282329440116882,-0.45083945989608765
1772796609780522800,0.106522705078125,2.1208837032318115,-0.06815661489963531,-0.24872785806655884
1772796609790515000,0.116514892578125,2.1720006465911865,-0.14085106551647186,-0.03466695919632912
1772796609800507000,0.1265068359375,2.2022950649261475,-0.22185957431793213,0.1833161562681198
1772796609810499000,0.1364990234375,2.2119295597076416,-0.28500762581825256,0.39538657665252686
1772796609820490800,0.14649072265625,2.18573260307312,-0.28763964772224426,0.5901481509208679
1772796609830484000,0.15648388671875,2.1354665756225586,-0.1961994618177414,0.7387445569038391
1772796609840476000,0.166475830078125,2.0552749633789062,-0.04260186478495598,0.8522707223892212
1772796609850467800,0.1764677734375,1.9485341310501099,0.12936963140964508,0.9174928665161133
1772796609860459800,0.186459716796875,1.817854642868042,0.27981075644493103,0.9250816106796265
1772796609870452000,0.196451904296875,1.6730793714523315,0.3823602795600891,0.886113703250885
1772796609880444000,0.20644384765625,1.5266565084457397,0.4331240952014923,0.7926854491233826
1772796609890435800,0.216435791015625,1.3832104206085205,0.45318490266799927,0.6510428786277771
1772796609900427800,0.226427734375,1.2672094106674194,0.4430830180644989,0.4736862778663635
1772796609910420000,0.236419921875,1.1875295639038086,0.4192487895488739,0.2734764814376831
1772796609920412000,0.246411865234375,1.149693489074707,0.4118911921977997,0.07160428166389465
1772796609930403800,0.25640380859375,1.1438204050064087,0.434096097946167,-0.11635550111532211
1772796609940395800,0.266395751953125,1.1478520631790161,0.4881196916103363,-0.2685084939002991
1772796609950389000,0.276388916015625,1.1508421897888184,0.5750276446342468,-0.37682032585144043
1772796609960380700,0.286380615234375,1.1420977115631104,0.6879322528839111,-0.4328855872154236
1772796609970372600,0.29637255859375,1.1334266662597656,0.7910458445549011,-0.4445568919181824
1772796609980364800,0.30636474609375,1.122173547744751,0.8739959597587585,-0.428645521402359
1772796609990356700,0.316356689453125,1.1170991659164429,0.9279369115829468,-0.3980894684791565
1772796610000349000,0.326348876953125,1.1096787452697754,0.9357126951217651,-0.3484698534011841
1772796610010340600,0.336340576171875,1.1006845235824585,0.8975951075553894,-0.29284411668777466
1772796610020332800,0.346332763671875,1.1004865169525146,0.8019437789916992,-0.22545364499092102
1772796610030324700,0.35632470703125,1.107876181602478,0.6795667409896851,-0.16877785325050354
1772796610040317000,0.36631689453125,1.1174503564834595,0.5403561592102051,-0.12211255729198456
1772796610050308600,0.37630859375,1.1260415315628052,0.4065381586551666,-0.09330300986766815
1772796610060300800,0.38630078125,1.1350982189178467,0.2937069237232208,-0.08011217415332794
1772796610070292700,0.396292724609375,1.1523422002792358,0.19950799643993378,-0.08455566316843033
1772796610080285700,0.40628564453125,1.180210828781128,0.11306881904602051,-0.10159473121166229
1772796610090277600,0.416277587890625,1.2235561609268188,0.041086237877607346,-0.12485931068658829
1772796610100269800,0.426269775390625,1.2737822532653809,-0.003057656576856971,-0.1332770586013794
1772796610110261800,0.43626171875,1.326525330543518,-0.005582067184150219,-0.13497908413410187
1772796610120253700,0.446253662109375,1.378975510597229,0.02314816229045391,-0.11512881517410278
1772796610130245600,0.45624560546875,1.4250553846359253,0.09257330745458603,-0.07501015812158585
1772796610140237800,0.46623779296875,1.4682044982910156,0.19801554083824158,-0.013160370290279388
1772796610150229800,0.476229736328125,1.5003613233566284,0.3110765814781189,0.07593780755996704
1772796610160221700,0.4862216796875,1.5253444910049438,0.41975679993629456,0.18532434105873108
1772796610170213600,0.496213623046875,1.5450439453125,0.5173848271369934,0.3006000816822052
1772796610180205800,0.506205810546875,1.5567020177841187,0.6050499081611633,0.42436569929122925
1772796610190197800,0.51619775390625,1.5538644790649414,0.6919712424278259,0.5365830659866333
1772796610200190700,0.526190673828125,1.534069538116455,0.7616515159606934,0.6275551915168762
1772796610210182700,0.5361826171875,1.4995964765548706,0.7932482957839966,0.7038105726242065
1772796610220174800,0.5461748046875,1.4625303745269775,0.8264163136482239,0.765079915523529
1772796610230166800,0.556166748046875,1.4419015645980835,0.8874397277832031,0.8080422878265381
1772796610240158700,0.56615869140625,1.4381237030029297,0.8948261141777039,0.8177367448806763
1772796610250150700,0.576150634765625,1.395555019378662,0.7668034434318542,0.7777413725852966
1772796610260142800,0.586142822265625,1.3161786794662476,0.5232234597206116,0.6919130086898804
1772796610270134800,0.596134765625,1.2276355028152466,0.27577081322669983,0.5821257829666138
1772796610280126700,0.606126708984375,1.1824523210525513,0.12504327297210693,0.4828856885433197
1772796610290118700,0.61611865234375,1.192781925201416,0.11492885649204254,0.4034033715724945
1772796610300110800,0.62611083984375,1.2464781999588013,0.2194056659936905,0.362529456615448
1772796610310102800,0.636102783203125,1.3135807514190674,0.4038551449775696,0.3354451060295105
1772796610320095700,0.646095703125,1.3681470155715942,0.5997436046600342,0.3210941553115845
1772796610330087700,0.656087646484375,1.3879233598709106,0.7367219924926758,0.3171886205673218
1772796610340079900,0.666079833984375,1.3768229484558105,0.7747396230697632,0.3271348178386688
1772796610350071600,0.676071533203125,1.3508398532867432,0.7293319702148438,0.34535032510757446
1772796610360063700,0.686063720703125,1.3132761716842651,0.6169211268424988,0.38297027349472046
1772796610370055700,0.6960556640625,1.2648375034332275,0.4947376847267151,0.42953431606292725
1772796610380048000,0.7060478515625,1.203373908996582,0.38532474637031555,0.4787091612815857
1772796610390039800,0.716039794921875,1.1237493753433228,0.3270379900932312,0.522323489189148
1772796610400031700,0.72603173828125,1.0358608961105347,0.33309435844421387,0.5474199652671814
1772796610410023700,0.736023681640625,0.957621693611145,0.38664519786834717,0.5496647357940674
1772796610420015900,0.746015869140625,0.881325900554657,0.44902774691581726,0.5262197256088257
1772796610430007800,0.7560078125,0.8122704029083252,0.49181699752807617,0.4849625527858734
1772796610439999700,0.765999755859375,0.7479246854782104,0.4921431243419647,0.41913336515426636
1772796610449992700,0.77599267578125,0.6921223998069763,0.4531105160713196,0.334166020154953
1772796610459985000,0.78598486328125,0.6364277005195618,0.38201814889907837,0.23427845537662506
1772796610469976600,0.7959765625,0.5852276682853699,0.3007059693336487,0.11993935704231262
1772796610479968800,0.80596875,0.5296059250831604,0.21544167399406433,0.0016260326374322176
1772796610489960700,0.815960693359375,0.47340506315231323,0.14052918553352356,-0.11170727014541626
1772796610499953000,0.825952880859375,0.42249977588653564,0.08079439401626587,-0.21198418736457825
1772796610509944600,0.835944580078125,0.38810503482818604,0.03702187165617943,-0.30000486969947815
1772796610519936800,0.845936767578125,0.3646993935108185,0.007847145199775696,-0.37184467911720276
1772796610529928700,0.8559287109375,0.34917688369750977,-0.0158989317715168,-0.42486128211021423
1772796610539921000,0.8659208984375,0.33294591307640076,-0.029306212440133095,-0.4666992425918579
1772796610549912600,0.87591259765625,0.31710702180862427,-0.03148627281188965,-0.49499160051345825
1772796610559904800,0.88590478515625,0.28942203521728516,-0.03808872029185295,-0.5160087943077087
1772796610569897700,0.895897705078125,0.2577943205833435,-0.06474962830543518,-0.5283429622650146
1772796610579889700,0.9058896484375,0.22649314999580383,-0.12042136490345001,-0.5349980592727661
1772796610589881600,0.915881591796875,0.19600901007652283,-0.18750904500484467,-0.5324803590774536
1772796610599873800,0.925873779296875,0.17293217778205872,-0.23838107287883759,-0.5311147570610046
1772796610609865700,0.93586572265625,0.15720407664775848,-0.2617969214916229,-0.5234403014183044
1772796610619857700,0.945857666015625,0.14319035410881042,-0.2617033123970032,-0.5217430591583252
1772796610629849600,0.955849609375,0.12754935026168823,-0.24605536460876465,-0.5237705707550049
1772796610639841800,0.965841796875,0.10348085314035416,-0.21568593382835388,-0.531741738319397
1772796610649833700,0.975833740234375,0.0752023383975029,-0.17596673965454102,-0.5439720749855042
1772796610659826000,0.985825927734375,0.0400666818022728,-0.1439235508441925,-0.5635356903076172
1772796610669817600,0.995817626953125,0.015348022803664207,-0.13202641904354095,-0.5797098278999329
1772796610679809800,1.005809814453125,-0.004827183671295643,-0.1274791955947876,-0.5907665491104126
1772796610689801700,1.0158017578125,-0.013197498396039009,-0.12351908534765244,-0.6010492444038391
1772796610699794700,1.025794677734375,-0.02354820817708969,-0.1184769719839096,-0.6040307879447937
1772796610709786600,1.03578662109375,-0.03239016979932785,-0.10577528923749924,-0.6014813184738159
1772796610719778800,1.04577880859375,-0.03817330673336983,-0.08886255323886871,-0.5933389663696289
1772796610729770800,1.055770751953125,-0.0384790375828743,-0.06835994124412537,-0.5856671929359436
1772796610739762700,1.0657626953125,-0.042088814079761505,-0.06461825966835022,-0.5735787749290466
1772796610749754600,1.075754638671875,-0.05269431695342064,-0.09309118241071701,-0.5590709447860718
1772796610759746800,1.085746826171875,-0.06009095907211304,-0.14064918458461761,-0.5498426556587219
1772796610769738800,1.09573876953125,-0.07439426332712173,-0.1867479681968689,-0.532288134098053
1772796610779730700,1.105730712890625,-0.08521143347024918,-0.22578589618206024,-0.5153884887695312
1772796610789722600,1.11572265625,-0.09121979773044586,-0.26090529561042786,-0.4921603500843048
1772796610799714800,1.12571484375,-0.10029158741235733,-0.27935725450515747,-0.46989843249320984
1772796610809706800,1.135706787109375,-0.10457368195056915,-0.2846321761608124,-0.4389525055885315
1772796610819699700,1.14569970703125,-0.1100703626871109,-0.2840069532394409,-0.4128580689430237
1772796610829691600,1.155691650390625,-0.1204894483089447,-0.2955480217933655,-0.38871490955352783
1772796610839683800,1.165683837890625,-0.13064004480838776,-0.3147828280925751,-0.36689332127571106
1772796610849675800,1.17567578125,-0.13905377686023712,-0.3459476828575134,-0.3378182649612427
1772796610859667700,1.185667724609375,-0.14661698043346405,-0.37378501892089844,-0.31122922897338867
1772796610869659600,1.19565966796875,-0.1575135737657547,-0.40175220370292664,-0.2863691449165344
1772796610879651800,1.20565185546875,-0.17215754091739655,-0.4177357852458954,-0.2638818025588989
1772796610889643800,1.215643798828125,-0.18912719190120697,-0.4175930619239807,-0.24702240526676178
1772796610899635700,1.2256357421875,-0.20398880541324615,-0.4023018181324005,-0.23294995725154877
1772796610909627600,1.235627685546875,-0.21146216988563538,-0.37239906191825867,-0.22293621301651
1772796610919619800,1.245619873046875,-0.2076752483844757,-0.33154359459877014,-0.19953200221061707
1772796610929611800,1.25561181640625,-0.20271803438663483,-0.2806641459465027,-0.17086519300937653
1772796610939604700,1.265604736328125,-0.19300782680511475,-0.23395715653896332,-0.13955733180046082
1772796610949596700,1.2755966796875,-0.18767191469669342,-0.20267221331596375,-0.10117531567811966
1772796610959588900,1.2855888671875,-0.1893458068370819,-0.1728609800338745,-0.054674409329891205
1772796610969580500,1.29558056640625,-0.195803701877594,-0.12319808453321457,0.0021542522590607405
1772796610979572500,1.305572509765625,-0.19650879502296448,-0.038619380444288254,0.06546427309513092
1772796610989564700,1.315564697265625,-0.21139691770076752,0.042970556765794754,0.11452528834342957
1772796610999556600,1.325556640625,-0.24555756151676178,0.03515961393713951,0.1093764454126358
1772796611009548500,1.335548583984375,-0.3129611015319824,-0.09421754628419876,0.03805592656135559
1772796611019540500,1.34554052734375,-0.39886391162872314,-0.2638644576072693,-0.07448045909404755
1772796611029532700,1.35553271484375,-0.46008729934692383,-0.36062270402908325,-0.20376893877983093
1772796611039524600,1.365524658203125,-0.4620145559310913,-0.33116403222084045,-0.31179797649383545
1772796611049516800,1.375516845703125,-0.4183075428009033,-0.20478050410747528,-0.3971877098083496
1772796611059508500,1.385508544921875,-0.3647925555706024,-0.04312228411436081,-0.46658071875572205
1772796611069501700,1.395501708984375,-0.3260939121246338,0.12533223628997803,-0.5221211910247803
1772796611079493600,1.40549365234375,-0.2983597218990326,0.27383655309677124,-0.5660406947135925
1772796611089485600,1.415485595703125,-0.2736290693283081,0.36701256036758423,-0.6102225184440613
1772796611099477500,1.4254775390625,-0.23377716541290283,0.3941216766834259,-0.6504305005073547
1772796611109469700,1.4354697265625,-0.19115354120731354,0.37743455171585083,-0.6924149394035339
1772796611119461600,1.445461669921875,-0.14937585592269897,0.3449985682964325,-0.732397735118866
1772796611129453600,1.45545361328125,-0.09830228984355927,0.2761782109737396,-0.7519978284835815
1772796611139445500,1.465445556640625,-0.04370814561843872,0.1561066061258316,-0.7311760783195496
1772796611149437700,1.475437744140625,0.024509524926543236,-0.02160080522298813,-0.6566829681396484
1772796611159429600,1.4854296875,0.11256825178861618,-0.17919953167438507,-0.5423558950424194
1772796611169421600,1.495421630859375,0.18828272819519043,-0.23794513940811157,-0.40442436933517456
1772796611179413500,1.50541357421875,0.24052847921848297,-0.19244565069675446,-0.2543237805366516
1772796611189405700,1.51540576171875,0.26041722297668457,-0.08755253255367279,-0.09881328791379929
1772796611199398400,1.5253984375,0.24244773387908936,0.058680109679698944,0.04478779807686806
1772796611209390600,1.535390625,0.2188318967819214,0.21446090936660767,0.17185387015342712
1772796611219382500,1.545382568359375,0.1833091825246811,0.35796302556991577,0.2712155282497406
1772796611229374700,1.555374755859375,0.14200381934642792,0.4784521460533142,0.3373820185661316
1772796611239366700,1.56536669921875,0.10040754824876785,0.5360493063926697,0.3736668825149536
1772796611249358600,1.575358642578125,0.06109768897294998,0.5257534980773926,0.3723621964454651
1772796611259350500,1.5853505859375,0.02736850082874298,0.45335322618484497,0.3426750600337982
1772796611269342700,1.5953427734375,-0.0014865833800286055,0.332003116607666,0.2754046618938446
1772796611279334700,1.605334716796875,-0.024775998666882515,0.17517217993736267,0.1827814131975174
1772796611289326600,1.61532666015625,-0.033260028809309006,0.0033042789436876774,0.06545983254909515
1772796611299318500,1.625318603515625,-0.02939009666442871,-0.17617124319076538,-0.06661077588796616
1772796611309310700,1.635310791015625,-0.025069383904337883,-0.34452322125434875,-0.21226705610752106
1772796611319303400,1.645303466796875,-0.019098913297057152,-0.4989173710346222,-0.37117186188697815
1772796611329295600,1.655295654296875,-0.020388949662446976,-0.6174365282058716,-0.5375267267227173
1772796611339287600,1.66528759765625,-0.03463097661733627,-0.6726455688476562,-0.713263988494873
1772796611349279700,1.67527978515625,-0.06066790595650673,-0.6897132396697998,-0.8927237391471863
1772796611359271400,1.685271484375,-0.08931012451648712,-0.7149930596351624,-1.053079605102539
1772796611369263600,1.695263671875,-0.11000768095254898,-0.712996780872345,-1.1858394145965576
1772796611379255600,1.705255615234375,-0.1291997879743576,-0.6711029410362244,-1.2781213521957397
1772796611389247700,1.715247802734375,-0.15837444365024567,-0.6304894685745239,-1.3208365440368652
1772796611399239400,1.725239501953125,-0.1912122219800949,-0.5858336687088013,-1.312966227531433
1772796611409231600,1.735231689453125,-0.21410901844501495,-0.5182402729988098,-1.250429630279541
1772796611419223600,1.7452236328125,-0.2272166609764099,-0.4188714325428009,-1.1460431814193726
1772796611429215700,1.7552158203125,-0.22163254022598267,-0.313480019569397,-1.004260778427124
1772796611439207700,1.765207763671875,-0.21363678574562073,-0.2201985865831375,-0.8549899458885193
1772796611449200600,1.77520068359375,-0.1958141028881073,-0.15933950245380402,-0.7073948979377747
1772796611459192600,1.785192626953125,-0.16889719665050507,-0.11463943123817444,-0.569684624671936
1772796611469184500,1.7951845703125,-0.13214610517024994,-0.08229134976863861,-0.44062039256095886
1772796611479176400,1.805176513671875,-0.12061483412981033,-0.06318309158086777,-0.3292143940925598
1772796611489168600,1.815168701171875,-0.13187602162361145,-0.07014299184083939,-0.2432699203491211
1772796611499160600,1.82516064453125,-0.15666213631629944,-0.08816400170326233,-0.16748249530792236
1772796611509152800,1.83515283203125,-0.1879470944404602,-0.09823527932167053,-0.10826258361339569
1772796611519144400,1.84514453125,-0.21650555729866028,-0.11335169523954391,-0.06826815009117126
1772796611529136600,1.85513671875,-0.23279665410518646,-0.12922760844230652,-0.03424786403775215
1772796611539128600,1.865128662109375,-0.24215646088123322,-0.13959957659244537,-0.0024961926974356174
1772796611549120800,1.875120849609375,-0.2572227716445923,-0.1403396725654602,0.022882401943206787
1772796611559112400,1.885112548828125,-0.2702206075191498,-0.14622651040554047,0.03843877464532852
1772796611569105700,1.895105712890625,-0.27881836891174316,-0.15089796483516693,0.045557402074337006
1772796611579097900,1.905097900390625,-0.27968892455101013,-0.14093951880931854,0.04883906617760658
1772796611589089500,1.915089599609375,-0.2675885856151581,-0.10400066524744034,0.04509146511554718
1772796611599081500,1.92508154296875,-0.2491869479417801,-0.05011435225605965,0.041466519236564636
1772796611609073700,1.93507373046875,-0.23158611357212067,0.0034061307087540627,0.03365040943026543
1772796611619065600,1.945065673828125,-0.212966188788414,0.04135870933532715,0.02604978159070015
1772796611629057500,1.9550576171875,-0.1921067237854004,0.07213207334280014,0.025410089641809464
1772796611639049500,1.965049560546875,-0.1634865254163742,0.09099604189395905,0.034683216363191605
1772796611649041700,1.975041748046875,-0.13855348527431488,0.10301195830106735,0.052494436502456665
1772796611659033600,1.98503369140625,-0.11185860633850098,0.12025164812803268,0.09185689687728882
1772796611669025500,1.995025634765625,-0.09621919691562653,0.14184747636318207,0.1317875236272812
1772796611679017500,2.005017578125,-0.08665589988231659,0.15961794555187225,0.18408310413360596
1772796611689009700,2.015009765625,-0.08073995262384415,0.18628044426441193,0.2402038872241974
1772796611699002600,2.025002685546875,-0.07203095406293869,0.20780858397483826,0.2983461618423462
1772796611708994600,2.03499462890625,-0.06125606968998909,0.2149309515953064,0.35010525584220886
1772796611718986500,2.044986572265625,-0.05035264790058136,0.22348105907440186,0.4019891321659088
1772796611728978700,2.054978759765625,-0.029628995805978775,0.2390909045934677,0.44392725825309753
1772796611738970600,2.064970703125,-0.01546145137399435,0.2625567317008972,0.4834868907928467
1772796611748962600,2.074962646484375,-0.00217041396535933,0.2783849537372589,0.5176725387573242
1772796611758954500,2.08495458984375,0.015051704831421375,0.2970118522644043,0.5453802943229675
1772796611768946700,2.09494677734375,0.04093310236930847,0.32028496265411377,0.5737914443016052
1772796611778938600,2.104938720703125,0.06317833065986633,0.3495478928089142,0.5927416086196899
1772796611788930600,2.1149306640625,0.08372568339109421,0.3654269874095917,0.6023870706558228
1772796611798922500,2.124922607421875,0.10315735638141632,0.3805893659591675,0.6030599474906921
1772796611808914700,2.134914794921875,0.11885110288858414,0.3891298770904541,0.6069276332855225
1772796611818907600,2.14490771484375,0.1334761083126068,0.3902074992656708,0.6071812510490417
1772796611828899600,2.154899658203125,0.1540498286485672,0.4119791090488434,0.6110196709632874
1772796611838891800,2.164891845703125,0.17383232712745667,0.4753994941711426,0.6184756755828857
1772796611848883700,2.1748837890625,0.18840913474559784,0.5259082317352295,0.620029628276825
1772796611858875400,2.18487548828125,0.20252402126789093,0.5583407878875732,0.6090746521949768
1772796611868867600,2.19486767578125,0.22286339104175568,0.5521596074104309,0.5813183784484863
1772796611878859500,2.204859619140625,0.251011461019516,0.542154848575592,0.5435510277748108
1772796611888851700,2.214851806640625,0.2867276668548584,0.5461112260818481,0.5074849128723145
1772796611898843600,2.22484375,0.3285706043243408,0.48441794514656067,0.4776168465614319
1772796611908835600,2.234835693359375,0.3604920506477356,0.34861138463020325,0.44062018394470215
1772796611918827500,2.24482763671875,0.36508551239967346,0.20905275642871857,0.3908202648162842
1772796611928819700,2.25481982421875,0.35924413800239563,0.09415547549724579,0.3394492268562317
1772796611938811600,2.264811767578125,0.328169584274292,0.012374665588140488,0.2785502076148987
1772796611948804600,2.2748046875,0.2940153479576111,-0.056419577449560165,0.21667006611824036
1772796611958796800,2.284796875,0.2612369656562805,-0.11847973614931107,0.15426196157932281
1772796611968790500,2.29479052734375,0.23116110265254974,-0.15765376389026642,0.09512247890233994
1772796611978782500,2.304782470703125,0.2158956676721573,-0.14496152102947235,0.05037839338183403
1772796611988774700,2.314774658203125,0.228361114859581,-0.06712237745523453,0.03527826815843582
1772796611998766300,2.324766357421875,0.26963260769844055,0.06684408336877823,0.044331517070531845
1772796612008758500,2.334758544921875,0.3355373442173004,0.19994594156742096,0.07745165377855301
1772796612018750500,2.34475048828125,0.4024644196033478,0.29931995272636414,0.12694570422172546
1772796612028742700,2.35474267578125,0.4646524488925934,0.38259565830230713,0.18465374410152435
1772796612038734300,2.364734375,0.509881317615509,0.43403613567352295,0.23760785162448883
1772796612048726500,2.3747265625,0.539840817451477,0.45404553413391113,0.28232550621032715
1772796612058718500,2.384718505859375,0.5667082667350769,0.4452626705169678,0.31463852524757385
1772796612068711400,2.39471142578125,0.5749845504760742,0.3994424343109131,0.34287869930267334
1772796612078703400,2.404703369140625,0.5594483613967896,0.34243693947792053,0.36334604024887085
1772796612088695600,2.414695556640625,0.5317254066467285,0.2892996668815613,0.3795124888420105
1772796612098687500,2.4246875,0.49803823232650757,0.24297884106636047,0.3930981159210205
1772796612108679400,2.434679443359375,0.46570026874542236,0.2103375494480133,0.38677841424942017
1772796612118671400,2.44467138671875,0.4296938180923462,0.18223728239536285,0.3683987259864807
1772796612128663600,2.45466357421875,0.3901005983352661,0.14041393995285034,0.3264869749546051
1772796612138655500,2.464655517578125,0.35350853204727173,0.07588504999876022,0.2728949189186096
1772796612148647400,2.4746474609375,0.31966400146484375,0.0005101361311972141,0.20778781175613403
1772796612158639400,2.484639404296875,0.28940698504447937,-0.0790659636259079,0.14132851362228394
1772796612168631600,2.494631591796875,0.2709518074989319,-0.14776645600795746,0.07948990166187286
1772796612178623500,2.50462353515625,0.26051783561706543,-0.19004787504673004,0.04273888096213341
1772796612188615700,2.51461572265625,0.26186060905456543,-0.19412916898727417,0.01771661639213562
1772796612198608400,2.5246083984375,0.26431870460510254,-0.16302573680877686,0.0067596728913486
1772796612208600600,2.5346005859375,0.2738320529460907,-0.11783693730831146,0.004523150157183409
1772796612218592500,2.544592529296875,0.29613929986953735,-0.06683533638715744,0.007304039783775806
1772796612228584400,2.55458447265625,0.31933116912841797,-0.026680730283260345,0.014131053350865841
1772796612238576400,2.564576416015625,0.34689903259277344,-0.0037679013330489397,0.019344640895724297
1772796612248568600,2.574568603515625,0.3762233257293701,-0.001988376956433058,0.02521158568561077
1772796612258560500,2.584560546875,0.40002357959747314,-0.02183024026453495,0.030841374769806862
1772796612268552400,2.594552490234375,0.4184976816177368,-0.05511629208922386,0.03754827752709389
1772796612278544400,2.60454443359375,0.4363197684288025,-0.10056504607200623,0.05472155660390854
1772796612288536600,2.61453662109375,0.4484560489654541,-0.13796380162239075,0.07573948800563812
1772796612298528500,2.624528564453125,0.4572969675064087,-0.1641717553138733,0.10835069417953491
1772796612308520400,2.6345205078125,0.46293941140174866,-0.17652350664138794,0.13842710852622986
1772796612318513400,2.644513427734375,0.46399301290512085,-0.16984587907791138,0.16379112005233765
1772796612328505600,2.654505615234375,0.47151777148246765,-0.14856509864330292,0.18038341403007507
1772796612338497300,2.664497314453125,0.48006269335746765,-0.10817845165729523,0.1823248416185379
1772796612348489500,2.674489501953125,0.4873025119304657,-0.05497036129236221,0.17384453117847443
1772796612358481400,2.6844814453125,0.4979550838470459,0.0028300797566771507,0.1563810557126999
1772796612368473600,2.6944736328125,0.5002526044845581,0.07732801139354706,0.13577406108379364
1772796612378465500,2.704465576171875,0.4954431653022766,0.16289100050926208,0.1147112026810646
1772796612388457500,2.71445751953125,0.4904992878437042,0.24476082623004913,0.0985543355345726
1772796612398449400,2.724449462890625,0.4872174859046936,0.2935074269771576,0.08967126905918121
1772796612408441600,2.734441650390625,0.47851186990737915,0.30663949251174927,0.09053146839141846
1772796612418433500,2.74443359375,0.4722649157047272,0.29981473088264465,0.09565231204032898
1772796612428425500,2.754425537109375,0.4660869240760803,0.27977871894836426,0.1093449592590332
1772796612438418400,2.76441845703125,0.46146467328071594,0.24646170437335968,0.12871265411376953
1772796612448410600,2.77441064453125,0.45829710364341736,0.21303610503673553,0.15583482384681702
1772796612458402300,2.78440234375,0.44942304491996765,0.18841485679149628,0.1846391260623932
1772796612468394500,2.79439453125,0.4425358474254608,0.1739291250705719,0.19631922245025635
1772796612478386400,2.804386474609375,0.42633718252182007,0.16243138909339905,0.19785209000110626
1772796612488378600,2.814378662109375,0.4087163805961609,0.1535140573978424,0.1896471530199051
1772796612498370300,2.824370361328125,0.39046621322631836,0.12848617136478424,0.1682663857936859
1772796612508362500,2.834362548828125,0.37280598282814026,0.09011054784059525,0.13038744032382965
1772796612518354400,2.8443544921875,0.35351723432540894,0.05113030597567558,0.08186212927103043
1772796612528346600,2.8543466796875,0.3295053541660309,0.030547000467777252,0.017364896833896637
1772796612538338300,2.86433837890625,0.30534499883651733,0.02984245866537094,-0.04155251383781433
1772796612548330500,2.87433056640625,0.2767106890678406,0.04349169135093689,-0.11572527885437012
1772796612558322400,2.884322509765625,0.2504335641860962,0.038848552852869034,-0.1805257350206375
1772796612568315400,2.8943154296875,0.21734751760959625,0.03520641475915909,-0.24577318131923676
1772796612578307300,2.904307373046875,0.18973524868488312,0.030588403344154358,-0.30276286602020264
1772796612588299500,2.914299560546875,0.17472781240940094,0.039223168045282364,-0.34906113147735596
1772796612598291500,2.92429150390625,0.16449078917503357,0.07562141865491867,-0.376231849193573
1772796612608283400,2.934283447265625,0.15679611265659332,0.13690608739852905,-0.38765573501586914
1772796612618275300,2.944275390625,0.15535850822925568,0.17660999298095703,-0.3777883052825928
1772796612628267500,2.954267578125,0.1488446742296219,0.17238196730613708,-0.3504656255245209
1772796612638259500,2.964259521484375,0.13348349928855896,0.1445031464099884,-0.31762975454330444
1772796612648251600,2.974251708984375,0.11981668323278427,0.10657228529453278,-0.27160313725471497
1772796612658243300,2.984243408203125,0.09902189671993256,0.06666941195726395,-0.22773069143295288
1772796612668235500,2.994235595703125,0.08024128526449203,0.00003073131665587425,-0.19278763234615326
1772796612678227500,3.0042275390625,0.0634949803352356,-0.10127387195825577,-0.16017712652683258
1772796612688220400,3.014220458984375,0.038251135498285294,-0.20738886296749115,-0.13132444024085999
1772796612698212400,3.02421240234375,0.008365314453840256,-0.2965352237224579,-0.09878014773130417
1772796612708204500,3.03420458984375,-0.021949714049696922,-0.3714744448661804,-0.0685892254114151
1772796612718196500,3.044196533203125,-0.058766771107912064,-0.3998648524284363,-0.0469459630548954
1772796612728188400,3.0541884765625,-0.09292766451835632,-0.40275731682777405,-0.038362063467502594
1772796612738180400,3.064180419921875,-0.12757688760757446,-0.37073737382888794,-0.04858933761715889
1772796612748172500,3.074172607421875,-0.13829797506332397,-0.3363351821899414,-0.06704211235046387
1772796612758164500,3.08416455078125,-0.1458841860294342,-0.28921711444854736,-0.08961115032434464
1772796612768156400,3.094156494140625,-0.14798568189144135,-0.2233659327030182,-0.1083611398935318
1772796612778148400,3.1041484375,-0.1542968899011612,-0.14316591620445251,-0.11980986595153809
1772796612788140500,3.114140625,-0.16834186017513275,-0.04692593216896057,-0.1273370236158371
1772796612798132500,3.124132568359375,-0.18469351530075073,0.09164859354496002,-0.12186659872531891
1772796612808125400,3.13412548828125,-0.20993389189243317,0.2591065466403961,-0.10725383460521698
1772796612818117600,3.14411767578125,-0.23928336799144745,0.29195359349250793,-0.10420740395784378
1772796612828109600,3.154109619140625,-0.2906935513019562,0.14321498572826385,-0.13718026876449585
1772796612838101500,3.1641015625,-0.35631459951400757,-0.10551001876592636,-0.20287123322486877
1772796612848093400,3.174093505859375,-0.41202500462532043,-0.3312917649745941,-0.27492865920066833
1772796612858085400,3.18408544921875,-0.43638062477111816,-0.45354163646698,-0.32582786679267883
1772796612868077600,3.19407763671875,-0.4247700273990631,-0.443938285112381,-0.35817116498947144
1772796612878069500,3.204069580078125,-0.3756940960884094,-0.3694176971912384,-0.37137219309806824
1772796612888061400,3.2140615234375,-0.3148360848426819,-0.25736120343208313,-0.37644872069358826
1772796612898053400,3.224053466796875,-0.2415224015712738,-0.11928483098745346,-0.3579396903514862
1772796612908045600,3.234045654296875,-0.16416609287261963,0.028724078088998795,-0.32005834579467773
1772796612918037500,3.24403759765625,-0.10263697057962418,0.14654666185379028,-0.246213898062706
1772796612928030500,3.254030517578125,-0.06733277440071106,0.20692825317382812,-0.1482021063566208
1772796612938022700,3.264022705078125,-0.051738325506448746,0.1960725039243698,-0.05100482329726219
1772796612948014600,3.2740146484375,-0.054025448858737946,0.14960114657878876,0.030082572251558304
1772796612958006500,3.284006591796875,-0.06617530435323715,0.11070947349071503,0.08538850396871567
1772796612967996700,3.29399658203125,-0.07345026731491089,0.0574108324944973,0.1098826676607132
1772796612977988600,3.303988525390625,-0.06614433974027634,-0.053660787642002106,0.12166114151477814
1772796612987980500,3.31398046875,-0.057589199393987656,-0.17471851408481598,0.11697051674127579
1772796612997972500,3.323972412109375,-0.046450503170490265,-0.2662780284881592,0.1113264262676239
1772796613007964700,3.333964599609375,-0.030864888802170753,-0.3178672194480896,0.11225241422653198
1772796613017956600,3.34395654296875,-0.0280915517359972,-0.3006815016269684,0.11333124339580536
1772796613027948500,3.353948486328125,-0.032455939799547195,-0.25846853852272034,0.10644244402647018
1772796613037940500,3.3639404296875,-0.03711514174938202,-0.20851430296897888,0.09573813527822495
1772796613047933700,3.37393359375,-0.04459679126739502,-0.1687920093536377,0.07475816458463669
1772796613057925400,3.38392529296875,-0.05178465694189072,-0.14287583529949188,0.05244743451476097
1772796613067917600,3.39391748046875,-0.056230537593364716,-0.135189950466156,0.030863577499985695
1772796613077909500,3.403909423828125,-0.06408540904521942,-0.1451643854379654,0.021113762632012367
1772796613087901700,3.413901611328125,-0.07565471529960632,-0.1474112868309021,0.0189675223082304
1772796613097893400,3.423893310546875,-0.0860811322927475,-0.12615561485290527,0.03612816333770752
1772796613107885600,3.433885498046875,-0.08921274542808533,-0.06446376442909241,0.06600510329008102
1772796613117877500,3.44387744140625,-0.08257666975259781,0.0246078222990036,0.1033107116818428
1772796613127869700,3.45386962890625,-0.0647747665643692,0.12866097688674927,0.15365351736545563
1772796613137861400,3.463861328125,-0.049868009984493256,0.22501742839813232,0.20648667216300964
1772796613147853600,3.473853515625,-0.04955802112817764,0.3005382716655731,0.26584482192993164
1772796613157845500,3.483845458984375,-0.05819304287433624,0.32872506976127625,0.317180335521698
1772796613167838500,3.49383837890625,-0.08016784489154816,0.3009030222892761,0.3536624610424042
1772796613177830400,3.503830322265625,-0.1057618036866188,0.24033339321613312,0.3726063668727875
1772796613187822600,3.513822509765625,-0.13767819106578827,0.16720272600650787,0.3672395646572113
1772796613197814500,3.523814453125,-0.17551907896995544,0.08109214156866074,0.3346944749355316
1772796613207806500,3.533806396484375,-0.2048812210559845,0.00339894974604249,0.2810610830783844
1772796613217798400,3.54379833984375,-0.2248850166797638,-0.04933749884366989,0.20077261328697205
1772796613227790600,3.55379052734375,-0.23119938373565674,-0.0780935138463974,0.10218639671802521
1772796613237782500,3.563782470703125,-0.2204241007566452,-0.0874776691198349,-0.0011052405461668968
1772796613247774700,3.573774658203125,-0.1991470456123352,-0.10231973230838776,-0.09210598468780518
1772796613257766400,3.583766357421875,-0.1615741103887558,-0.11055754870176315,-0.16338108479976654
1772796613267758600,3.593758544921875,-0.12396494299173355,-0.09954564273357391,-0.21955540776252747
1772796613277750500,3.60375048828125,-0.09036479145288467,-0.06375913321971893,-0.250415176153183
1772796613287743500,3.613743408203125,-0.06169586256146431,-0.005683311261236668,-0.2622518539428711
1772796613297735400,3.6237353515625,-0.043614327907562256,0.05546153709292412,-0.25660330057144165
1772796613307727600,3.6337275390625,-0.020342828705906868,0.0818856880068779,-0.22837619483470917
1772796613317719600,3.643719482421875,0.001099089626222849,0.07277996838092804,-0.1749146580696106
1772796613327711500,3.65371142578125,0.015405591577291489,0.03904996067285538,-0.1064719557762146
1772796613337703400,3.663703369140625,0.0253312848508358,0.013036178424954414,-0.037502944469451904
1772796613347695600,3.673695556640625,0.034566596150398254,0.016697756946086884,0.03221381828188896
1772796613357687600,3.6836875,0.040323492139577866,0.05743970349431038,0.07932092249393463
1772796613367679500,3.693679443359375,0.06538143754005432,0.10844723135232925,0.09851352870464325
1772796613377671400,3.70367138671875,0.09498767554759979,0.14819659292697906,0.10150555521249771
1772796613387663600,3.71366357421875,0.13060133159160614,0.15732352435588837,0.08952399343252182
1772796613397655600,3.723655517578125,0.16526620090007782,0.13949774205684662,0.07430394738912582
1772796613407648500,3.7336484375,0.17928586900234222,0.10652221739292145,0.05207347497344017
1772796613417640400,3.743640380859375,0.18153990805149078,0.05320039018988609,0.03330158442258835
1772796613427632600,3.753632568359375,0.1746431291103363,-0.004529483616352081,0.012472735717892647
1772796613437624600,3.76362451171875,0.1725858896970749,-0.051153168082237244,-0.0071336557157337666
1772796613447616500,3.773616455078125,0.17956310510635376,-0.08395478874444962,-0.025579508394002914
1772796613457608400,3.7836083984375,0.19273491203784943,-0.09920384734869003,-0.040635671466588974
1772796613467600600,3.7936005859375,0.20316731929779053,-0.10509822517633438,-0.0562409982085228
1772796613477592600,3.803592529296875,0.20520006120204926,-0.12057609856128693,-0.06453238427639008
1772796613487584500,3.81358447265625,0.20835191011428833,-0.14149948954582214,-0.06862140446901321
1772796613497576400,3.823576416015625,0.20410054922103882,-0.15321217477321625,-0.06649377942085266
1772796613507568600,3.833568603515625,0.2036888301372528,-0.1511855125427246,-0.07051808387041092
1772796613517560600,3.843560546875,0.20591425895690918,-0.13500314950942993,-0.06927384436130524
1772796613527553500,3.853553466796875,0.20997211337089539,-0.09357234835624695,-0.07315273582935333
1772796613537545500,3.86354541015625,0.21112920343875885,-0.05212782323360443,-0.07907098531723022
1772796613547537700,3.87353759765625,0.20691928267478943,-0.01829422451555729,-0.09069754183292389
1772796613557529300,3.883529296875,0.20435185730457306,0.0010655722580850124,-0.0979124903678894
1772796613567521500,3.893521484375,0.20145833492279053,0.006689901929348707,-0.10190510004758835
1772796613577513500,3.903513427734375,0.20117716491222382,0.004554963205009699,-0.1059231162071228
1772796613587505700,3.913505615234375,0.20018619298934937,0.007880453020334244,-0.1085740253329277
1772796613597497300,3.923497314453125,0.2012137770652771,0.022307274863123894,-0.11067837476730347
1772796613607489500,3.933489501953125,0.20353099703788757,0.03408190980553627,-0.10548361390829086
1772796613617481500,3.9434814453125,0.19603140652179718,0.06982866674661636,-0.09196265786886215
1772796613627473700,3.9534736328125,0.18591725826263428,0.1371363401412964,-0.07820503413677216
1772796613637465600,3.963465576171875,0.1638648808002472,0.2279435694217682,-0.07277801632881165
1772796613647458600,3.97345849609375,0.14209860563278198,0.31469792127609253,-0.0734829530119896
1772796613657450500,3.983450439453125,0.11288946121931076,0.37042370438575745,-0.07957005500793457
1772796613667442700,3.993442626953125,0.09310989826917648,0.39523637294769287,-0.09112951159477234
1772796613677434400,4.003434326171875,0.07909473031759262,0.4062909781932831,-0.10612913221120834
1772796613687426600,4.013426513671875,0.07231006026268005,0.40894508361816406,-0.12765678763389587
1772796613697418500,4.02341845703125,0.07236384600400925,0.417697012424469,-0.14936506748199463
1772796613707410700,4.03341064453125,0.06549262255430222,0.43096911907196045,-0.16674192249774933
1772796613717402400,4.04340234375,0.052963968366384506,0.41782331466674805,-0.17931126058101654
1772796613727394600,4.05339453125,0.040434062480926514,0.3750196695327759,-0.17303845286369324
1772796613737386500,4.063386474609375,0.022053591907024384,0.3273692727088928,-0.16467604041099548
1772796613747378700,4.073378662109375,0.009535935707390308,0.29129379987716675,-0.14304451644420624
1772796613757370400,4.083370361328125,-0.0035247006453573704,0.28356048464775085,-0.10699304193258286
1772796613767363600,4.093363525390625,-0.005729265511035919,0.29377421736717224,-0.07259219139814377
1772796613777355500,4.10335546875,-0.013492080383002758,0.299255907535553,-0.03723594546318054
1772796613787347500,4.113347412109375,-0.013064109720289707,0.2915111482143402,-0.005950995720922947
1772796613797339400,4.12333935546875,-0.012941837310791016,0.2648199796676636,0.028675807639956474
1772796613807331600,4.13333154296875,-0.00723894452676177,0.24486172199249268,0.06247824430465698
1772796613817323500,4.143323486328125,0.003981290850788355,0.23495666682720184,0.08678902685642242
1772796613827315500,4.1533154296875,0.015437943860888481,0.23214171826839447,0.10532861948013306
1772796613837307400,4.163307373046875,0.02287895418703556,0.2271016240119934,0.12090873718261719
1772796613847299600,4.173299560546875,0.027887027710676193,0.21588730812072754,0.12572745978832245
1772796613857291500,4.18329150390625,0.013625510036945343,0.19839414954185486,0.11975350230932236
1772796613867283500,4.193283447265625,-0.0017654304392635822,0.15672126412391663,0.10846808552742004
1772796613877275400,4.203275390625,-0.011322136037051678,0.10368959605693817,0.09760415554046631
1772796613887268600,4.2132685546875,-0.006475183181464672,0.08723072707653046,0.0878487303853035
1772796613897260500,4.223260498046875,0.00435788556933403,0.10103368759155273,0.08555833250284195
1772796613907252500,4.23325244140625,0.033205512911081314,0.13073939085006714,0.08382408320903778
1772796613917244400,4.243244384765625,0.06279198080301285,0.16927924752235413,0.09568421542644501
1772796613927236600,4.253236572265625,0.09794516861438751,0.2527903914451599,0.1228196993470192
1772796613937228500,4.263228515625,0.1304735392332077,0.36316463351249695,0.15850849449634552
1772796613947220500,4.273220458984375,0.1607677936553955,0.40015193819999695,0.17902469635009766
1772796613957212400,4.28321240234375,0.1732642501592636,0.3097783923149109,0.18072445690631866
1772796613967204900,4.293204833984375,0.13993825018405914,0.12209531664848328,0.14574730396270752
1772796613977196800,4.30319677734375,0.07496348768472672,-0.12111741304397583,0.09544353932142258
1772796613987188700,4.313188720703125,0.020486660301685333,-0.3585110604763031,0.04635535180568695
1772796613997182000,4.323181884765625,-0.016313722357153893,-0.5263798832893372,0.01601800136268139
1772796614007174000,4.333173828125,-0.05277426168322563,-0.6101802587509155,0.0009176129242405295
1772796614017165800,4.343165771484375,-0.08769853413105011,-0.5982034802436829,-0.002592565957456827
1772796614027157800,4.35315771484375,-0.10168012976646423,-0.4991661310195923,0.004597436171025038
1772796614037150000,4.36314990234375,-0.08083193749189377,-0.32421132922172546,0.020426666364073753
1772796614047142000,4.373141845703125,-0.0377931222319603,-0.1203031986951828,0.04617117717862129
1772796614057133800,4.3831337890625,0.015097267925739288,0.05643565207719803,0.07825353741645813
1772796614067125800,4.393125732421875,0.05335091054439545,0.15498699247837067,0.11964011937379837
1772796614077117700,4.40311767578125,0.07818391174077988,0.16209560632705688,0.16606399416923523
1772796614087110000,4.41310986328125,0.08171074092388153,0.1126745194196701,0.21151776611804962
1772796614097101600,4.4231015625,0.06726392358541489,0.03372279927134514,0.24651473760604858
1772796614107093800,4.43309375,0.0430201031267643,-0.05676821991801262,0.2766348123550415
1772796614117085700,4.443085693359375,0.00840984657406807,-0.15045922994613647,0.29349634051322937
1772796614127078700,4.45307861328125,-0.043479450047016144,-0.2191392183303833,0.3085421621799469
1772796614137070800,4.46307080078125,-0.09770840406417847,-0.25432175397872925,0.3137570321559906
1772796614147062800,4.473062744140625,-0.15662871301174164,-0.2565667927265167,0.30904749035835266
1772796614157055000,4.483054931640625,-0.21250012516975403,-0.2437809556722641,0.2861146032810211
1772796614167047000,4.493046875,-0.25945642590522766,-0.22368234395980835,0.245757058262825
1772796614177038800,4.503038818359375,-0.28586265444755554,-0.19440381228923798,0.19326548278331757
1772796614187030800,4.51303076171875,-0.2873130142688751,-0.16952082514762878,0.13170811533927917
1772796614197023000,4.52302294921875,-0.2703109085559845,-0.14425534009933472,0.07725950330495834
1772796614207015000,4.533014892578125,-0.246973916888237,-0.10500941425561905,0.04035848006606102
1772796614217006600,4.543006591796875,-0.2249649614095688,-0.05268958583474159,0.01575135812163353
1772796614226998800,4.552998779296875,-0.20289507508277893,-0.002307106740772724,0.009714770130813122
1772796614236992000,4.562991943359375,-0.18335439264774323,0.01271243765950203,0.01850118301808834
1772796614246983700,4.572983642578125,-0.1646195948123932,-0.012508496642112732,0.04412052780389786
1772796614256976000,4.582975830078125,-0.1472131460905075,-0.04563440382480621,0.06830587238073349
1772796614266967800,4.5929677734375,-0.12202522903680801,-0.08002087473869324,0.0941835418343544
1772796614276960000,4.6029599609375,-0.10310705006122589,-0.10179117321968079,0.12224087864160538
1772796614286951700,4.61295166015625,-0.08666761964559555,-0.11339537054300308,0.14563648402690887
1772796614296943900,4.62294384765625,-0.07819400727748871,-0.12937042117118835,0.15516115725040436
1772796614306935800,4.632935791015625,-0.07464002072811127,-0.1614982634782791,0.1429348587989807
1772796614316928000,4.642927978515625,-0.07419900596141815,-0.21236076951026917,0.11020791530609131
1772796614326919700,4.652919677734375,-0.07925555109977722,-0.2866904139518738,0.06217728182673454
1772796614336911600,4.66291162109375,-0.0906849279999733,-0.38112929463386536,-0.003960082773119211
1772796614346903800,4.67290380859375,-0.1087116003036499,-0.47208210825920105,-0.07629632949829102
1772796614356896800,4.682896728515625,-0.12833331525325775,-0.5288559794425964,-0.14361907541751862
1772796614366888700,4.692888671875,-0.14104752242565155,-0.5302112698554993,-0.19686098396778107
1772796614376881000,4.702880859375,-0.14767131209373474,-0.45655086636543274,-0.2342759668827057
1772796614386872800,4.712872802734375,-0.13987810909748077,-0.331302672624588,-0.25162163376808167
1772796614396864800,4.72286474609375,-0.122982457280159,-0.1604636162519455,-0.2533985674381256
1772796614406856700,4.732856689453125,-0.10308624804019928,0.033366307616233826,-0.24721470475196838
1772796614416849000,4.742848876953125,-0.09558649361133575,0.2150491178035736,-0.24201609194278717
1772796614426840800,4.7528408203125,-0.08678872883319855,0.34358736872673035,-0.24341799318790436
1772796614436833000,4.7628330078125,-0.07670258730649948,0.3939402997493744,-0.23890075087547302
1772796614446824700,4.77282470703125,-0.07539816945791245,0.3802977204322815,-0.24256685376167297
1772796614456817000,4.78281689453125,-0.0859258770942688,0.3167560398578644,-0.23587751388549805
1772796614466808800,4.792808837890625,-0.11388081312179565,0.21246984601020813,-0.2257487177848816
1772796614476801800,4.8028017578125,-0.149223193526268,0.0900561735033989,-0.2120794802904129
1772796614486793700,4.812793701171875,-0.19637179374694824,-0.031193286180496216,-0.1938360184431076
1772796614496786000,4.822785888671875,-0.24665658175945282,-0.1308460831642151,-0.17152488231658936
1772796614506777900,4.83277783203125,-0.28989991545677185,-0.18631680309772491,-0.15320605039596558
1772796614516769800,4.842769775390625,-0.32170072197914124,-0.19753308594226837,-0.1510937362909317
1772796614526761700,4.85276171875,-0.3432510197162628,-0.1868617981672287,-0.1607373058795929
1772796614536754000,4.86275390625,-0.3610180616378784,-0.1838238537311554,-0.17624671757221222
1772796614546745900,4.872745849609375,-0.37303903698921204,-0.16504430770874023,-0.19561909139156342
1772796614556737800,4.88273779296875,-0.3716486394405365,-0.1364297866821289,-0.21512073278427124
1772796614566729700,4.892729736328125,-0.3701346218585968,-0.09596412628889084,-0.23064669966697693
1772796614576722000,4.902721923828125,-0.3744399845600128,-0.04016820341348648,-0.24437108635902405
1772796614586714600,4.912714599609375,-0.3863413631916046,-0.008668599650263786,-0.2473897784948349
1772796614596706800,4.922706787109375,-0.4053597152233124,-0.0061327312141656876,-0.23894424736499786
1772796614606698800,4.93269873046875,-0.4278559684753418,-0.01817448064684868,-0.22102703154087067
1772796614616691000,4.94269091796875,-0.44817763566970825,-0.03506788611412048,-0.1930689960718155
1772796614626683000,4.952682861328125,-0.46354782581329346,-0.05720914155244827,-0.15887320041656494
1772796614636674800,4.9626748046875,-0.4787471294403076,-0.07544047385454178,-0.12433116883039474
1772796614646666800,4.972666748046875,-0.4858359396457672,-0.07611025869846344,-0.08570387959480286
1772796614656659000,4.982658935546875,-0.49693334102630615,-0.0794057697057724,-0.05501564219594002
1772796614666651000,4.99265087890625,-0.5075564384460449,-0.08792176097631454,-0.028089487925171852
1772796614676642800,5.002642822265625,-0.5190081596374512,-0.11712736636400223,-0.0037648892030119896
1772796614686634800,5.012634765625,-0.5340105295181274,-0.1564667820930481,0.024072866886854172
1772796614696627000,5.022626953125,-0.5528827905654907,-0.18657881021499634,0.04536942020058632
1772796614706619600,5.03261962890625,-0.5705371499061584,-0.21283331513404846,0.06284907460212708
1772796614716611800,5.04261181640625,-0.5887854099273682,-0.2327364832162857,0.07398081570863724
1772796614726603800,5.052603759765625,-0.6052490472793579,-0.24919535219669342,0.07293206453323364
1772796614736596000,5.062595947265625,-0.6144063472747803,-0.2616683840751648,0.06693259626626968
1772796614746587600,5.072587646484375,-0.6222735643386841,-0.25397664308547974,0.057865336537361145
1772796614756579800,5.082579833984375,-0.6323970556259155,-0.23908771574497223,0.050513945519924164
1772796614766571800,5.09257177734375,-0.6392533779144287,-0.208489328622818,0.05463625118136406
1772796614776564000,5.10256396484375,-0.6406530141830444,-0.16407956182956696,0.057581525295972824
1772796614786555600,5.1125556640625,-0.6420772671699524,-0.12396517395973206,0.07434932142496109
1772796614796547800,5.1225478515625,-0.6449877023696899,-0.09311917424201965,0.09673772752285004
1772796614806539800,5.132539794921875,-0.6599717140197754,-0.07221601903438568,0.1314975768327713
1772796614816532000,5.142531982421875,-0.6734123229980469,-0.055889640003442764,0.17157365381717682
1772796614826524700,5.152524658203125,-0.6864013671875,-0.007262717001140118,0.2219068706035614
1772796614836516900,5.162516845703125,-0.7039873600006104,0.06596513837575912,0.278503954410553
1772796614846508800,5.1725087890625,-0.731965959072113,0.08455799520015717,0.28757044672966003
1772796614856501000,5.1825009765625,-0.7699273228645325,0.0007180189713835716,0.21805977821350098
1772796614866492700,5.19249267578125,-0.8207859992980957,-0.12655417621135712,0.08773933351039886
1772796614876484900,5.20248486328125,-0.8780656456947327,-0.2380903661251068,-0.04998390004038811
1772796614886476800,5.212476806640625,-0.9132300615310669,-0.2780492305755615,-0.16339674592018127
1772796614896469000,5.222468994140625,-0.9055836200714111,-0.27365642786026,-0.24556542932987213
1772796614906460700,5.232460693359375,-0.8829320669174194,-0.23976530134677887,-0.3093950152397156
1772796614916452900,5.242452880859375,-0.8611348867416382,-0.1659923940896988,-0.3461047112941742
1772796614926444800,5.25244482421875,-0.8395627737045288,-0.04400230199098587,-0.3429374098777771
1772796614936437800,5.262437744140625,-0.8165457844734192,0.09355321526527405,-0.3078839182853699
1772796614946429700,5.2724296875,-0.7822375893592834,0.1846303939819336,-0.24349986016750336
1772796614956422000,5.282421875,-0.7543143033981323,0.1810118854045868,-0.1704125851392746
1772796614966414300,5.292414306640625,-0.7285662889480591,0.1104716807603836,-0.08638719469308853
1772796614976406000,5.302406005859375,-0.7076742649078369,-0.0007319441065192223,0.0007870846893638372
1772796614986398200,5.312398193359375,-0.6913895606994629,-0.10582853108644485,0.08782930672168732
1772796614996390100,5.32239013671875,-0.6752946376800537,-0.1838669329881668,0.17021287977695465
1772796615006382300,5.33238232421875,-0.6619529724121094,-0.2326294183731079,0.25069519877433777
1772796615016374000,5.3423740234375,-0.6369651556015015,-0.2471616119146347,0.32311224937438965
1772796615026366200,5.3523662109375,-0.6139639616012573,-0.21460393071174622,0.392534464597702
1772796615036358100,5.362358154296875,-0.5855067372322083,-0.15611532330513,0.4472930431365967
1772796615046350300,5.372350341796875,-0.5660587549209595,-0.09457499533891678,0.48310643434524536
1772796615056343000,5.382343017578125,-0.568145751953125,-0.035758718848228455,0.48275402188301086
1772796615066335200,5.392335205078125,-0.5820091366767883,0.0027047842741012573,0.46374836564064026
1772796615076327200,5.4023271484375,-0.6087244749069214,0.033953405916690826,0.42198869585990906
1772796615086319000,5.412319091796875,-0.6422512531280518,0.07581217586994171,0.3525733947753906
1772796615096311000,5.42231103515625,-0.6803674101829529,0.09572982788085938,0.26484012603759766
1772796615106303200,5.43230322265625,-0.7276155948638916,0.07839717715978622,0.16319338977336884
1772796615116295200,5.442295166015625,-0.781658411026001,0.013360066339373589,0.05769127979874611
1772796615126287000,5.452287109375,-0.8130539059638977,-0.09376239031553268,-0.046740319579839706
1772796615136279000,5.462279052734375,-0.8321918249130249,-0.20491522550582886,-0.13809888064861298
1772796615146271200,5.472271240234375,-0.8460594415664673,-0.3082738518714905,-0.2104116827249527
1772796615156263200,5.48226318359375,-0.8557918667793274,-0.3920561969280243,-0.25180602073669434
1772796615166256000,5.492256103515625,-0.866942286491394,-0.4214542806148529,-0.2679634392261505
1772796615176248000,5.502248046875,-0.8778520226478577,-0.41471970081329346,-0.26387476921081543
1772796615186240300,5.512240234375,-0.8897848129272461,-0.39302295446395874,-0.249251589179039
1772796615196232200,5.522232177734375,-0.901050865650177,-0.36249056458473206,-0.2231142818927765
1772796615206224100,5.53222412109375,-0.9152697324752808,-0.31876039505004883,-0.18979814648628235
1772796615216216000,5.542216064453125,-0.9153922200202942,-0.23899821937084198,-0.15276400744915009
1772796615226208300,5.552208251953125,-0.8937093019485474,-0.1459798663854599,-0.11075770109891891
1772796615236200200,5.5622001953125,-0.8695360422134399,-0.06498885899782181,-0.061920054256916046
1772796615246192000,5.572192138671875,-0.8441968560218811,-0.012685978785157204,-0.02126663364470005
1772796615256184000,5.58218408203125,-0.8219340443611145,0.018013622611761093,0.012192058376967907
1772796615266176300,5.59217626953125,-0.7964630722999573,0.030704118311405182,0.03258761018514633
1772796615276168200,5.602168212890625,-0.7636073231697083,0.02012837678194046,0.04125169292092323
1772796615286161200,5.6121611328125,-0.7321678996086121,-0.02445214055478573,0.03786228597164154
1772796615296153000,5.622153076171875,-0.7045676112174988,-0.08394455909729004,0.03109041415154934
1772796615306145300,5.632145263671875,-0.6909671425819397,-0.1498199850320816,0.026388604193925858
1772796615316137000,5.642136962890625,-0.6820560693740845,-0.22469742596149445,0.016197867691516876
1772796615326129200,5.652129150390625,-0.6781665086746216,-0.2777704894542694,0.003884741570800543
1772796615336121000,5.66212109375,-0.6731722950935364,-0.3022295832633972,-0.017277637496590614
1772796615346113300,5.67211328125,-0.6665111780166626,-0.2966766357421875,-0.04076698422431946
1772796615356105200,5.682105224609375,-0.6466232538223267,-0.29478394985198975,-0.07739696651697159
1772796615366097200,5.69209716796875,-0.6202068328857422,-0.29430273175239563,-0.1126372441649437
1772796615376089000,5.702089111328125,-0.5842106938362122,-0.28051725029945374,-0.1362621784210205
1772796615386081300,5.712081298828125,-0.5452624559402466,-0.26269882917404175,-0.14828263223171234
1772796615396074000,5.722073974609375,-0.5047425627708435,-0.24848276376724243,-0.14776967465877533
1772796615406066200,5.732066162109375,-0.46984371542930603,-0.23021242022514343,-0.13052809238433838
1772796615416058000,5.74205810546875,-0.4480034112930298,-0.2109997570514679,-0.10379576683044434
1772796615426050300,5.75205029296875,-0.43538030982017517,-0.1946098655462265,-0.07438035309314728
1772796615436042000,5.7620419921875,-0.429847776889801,-0.18236392736434937,-0.042140375822782516
1772796615446034200,5.7720341796875,-0.43215301632881165,-0.17871032655239105,-0.01899936981499195
1772796615456026000,5.782026123046875,-0.44117945432662964,-0.1774422973394394,-0.00003135285805910826
1772796615466018300,5.792018310546875,-0.44924402236938477,-0.1818263977766037,0.00612134812399745
1772796615476010000,5.802010009765625,-0.4602414667606354,-0.17538362741470337,0.001961871748790145
1772796615486002200,5.812002197265625,-0.46150699257850647,-0.1647765189409256,-0.01063807588070631
1772796615495994000,5.821994140625,-0.4550248086452484,-0.14717087149620056,-0.026696020737290382
1772796615505986300,5.831986328125,-0.4480273425579071,-0.11549389362335205,-0.05195317417383194
1772796615515979000,5.84197900390625,-0.4457569122314453,-0.07933888584375381,-0.07951448112726212
1772796615525971200,5.85197119140625,-0.44923847913742065,-0.06504702568054199,-0.10375217348337173
1772796615535963100,5.861963134765625,-0.4532523453235626,-0.0641835480928421,-0.12407942861318588
1772796615545955000,5.871955078125,-0.45946791768074036,-0.07441966980695724,-0.13282258808612823
1772796615555947000,5.881947021484375,-0.4559504985809326,-0.07943018525838852,-0.12476158142089844
1772796615565939200,5.891939208984375,-0.4484262466430664,-0.06622516363859177,-0.11111608147621155
1772796615575931100,5.90193115234375,-0.440799742937088,-0.04326719790697098,-0.09076505154371262
1772796615585923000,5.911923095703125,-0.43962687253952026,-0.023270852863788605,-0.07108935713768005
1772796615595915000,5.9219150390625,-0.4362372159957886,-0.020638849586248398,-0.04608679562807083
1772796615605907200,5.9319072265625,-0.4261772632598877,-0.0167827308177948,-0.018441887572407722
1772796615615899100,5.941899169921875,-0.4112357795238495,0.009891534224152565,0.015025908127427101
1772796615625892000,5.95189208984375,-0.40335920453071594,0.05993073433637619,0.03860553354024887
1772796615635884300,5.96188427734375,-0.4004685878753662,0.12322216480970383,0.06483938544988632
1772796615645876200,5.971876220703125,-0.40088701248168945,0.1903253048658371,0.08779609948396683
1772796615655868200,5.9818681640625,-0.3971446454524994,0.2432345151901245,0.11535744369029999
1772796615665860000,5.991860107421875,-0.3970021605491638,0.28319233655929565,0.14548949897289276
1772796615675852000,6.00185205078125,-0.3959571421146393,0.309469997882843,0.1663854718208313
1772796615685844200,6.01184423828125,-0.39737793803215027,0.3177010416984558,0.19184474647045135
1772796615695836200,6.021836181640625,-0.3981778919696808,0.31196871399879456,0.21380189061164856
1772796615705828000,6.031828125,-0.4006391763687134,0.307492196559906,0.23725982010364532
1772796615715820000,6.041820068359375,-0.4058836102485657,0.313577800989151,0.25888773798942566
1772796615725812200,6.051812255859375,-0.40555471181869507,0.3477326035499573,0.2847031056880951
1772796615735805200,6.06180517578125,-0.39358776807785034,0.42371806502342224,0.3187478184700012
1772796615745797000,6.071797119140625,-0.3813902735710144,0.4991198778152466,0.35698121786117554
1772796615755789300,6.081789306640625,-0.3898726999759674,0.4927145540714264,0.3791603744029999
1772796615765781200,6.09178125,-0.430775910615921,0.363599956035614,0.3629121482372284
1772796615775773200,6.101773193359375,-0.489290714263916,0.12631195783615112,0.316743940114975
1772796615785765000,6.11176513671875,-0.5439947247505188,-0.1473957598209381,0.2717205286026001
1772796615795757000,6.121757080078125,-0.584255039691925,-0.3200192153453827,0.2441728115081787
1772796615805749200,6.131749267578125,-0.5966024994850159,-0.3436957895755768,0.240118145942688
1772796615815741200,6.1417412109375,-0.5955734848976135,-0.24607180058956146,0.2542445659637451
1772796615825733000,6.151733154296875,-0.5860545635223389,-0.0697987750172615,0.2815033495426178
1772796615835725000,6.16172509765625,-0.5733041763305664,0.146412193775177,0.3164571225643158
1772796615845717200,6.17171728515625,-0.5661405324935913,0.33400392532348633,0.3556117117404938
1772796615855710200,6.181710205078125,-0.5708128809928894,0.444192498922348,0.3959886133670807
1772796615865702100,6.1917021484375,-0.5763373374938965,0.4598652124404907,0.44415560364723206
1772796615875694300,6.2016943359375,-0.5909591913223267,0.4030707776546478,0.4939134418964386
1772796615885686300,6.211686279296875,-0.6231903433799744,0.311196506023407,0.547135591506958
1772796615895678200,6.22167822265625,-0.6786227822303772,0.2016153335571289,0.5863470435142517
1772796615905670100,6.231670166015625,-0.7515127062797546,0.0687107965350151,0.6204323172569275
1772796615915662300,6.241662353515625,-0.8265628814697266,-0.04966137185692787,0.6388537883758545
1772796615925654300,6.251654296875,-0.8966040015220642,-0.15225005149841309,0.6379880309104919
1772796615935646000,6.26164599609375,-0.9626897573471069,-0.229620099067688,0.6122003197669983
1772796615945638100,6.27163818359375,-1.026498794555664,-0.30563682317733765,0.5530956983566284
1772796615955630000,6.281630126953125,-1.0840667486190796,-0.36786699295043945,0.45521968603134155
1772796615965623000,6.291623046875,-1.135451078414917,-0.4159247875213623,0.3318849503993988
1772796615975614700,6.30161474609375,-1.1787060499191284,-0.44919246435165405,0.18403857946395874
1772796615985607000,6.31160693359375,-1.2256717681884766,-0.4701597988605499,0.033467717468738556
1772796615995598800,6.321598876953125,-1.2766978740692139,-0.4662029445171356,-0.10939441621303558
1772796616005591000,6.331591064453125,-1.324894905090332,-0.4226245582103729,-0.23483648896217346
1772796616015582700,6.341582763671875,-1.359039306640625,-0.37789809703826904,-0.33085721731185913
1772796616025575000,6.351574951171875,-1.3773409128189087,-0.34689757227897644,-0.3791584372520447
1772796616035566800,6.36156689453125,-1.3856722116470337,-0.29504817724227905,-0.38266226649284363
1772796616045559000,6.37155908203125,-1.3809826374053955,-0.24350270628929138,-0.3399672508239746
1772796616055550700,6.38155078125,-1.370474934577942,-0.18810996413230896,-0.25779038667678833
1772796616065543000,6.39154296875,-1.3609977960586548,-0.13117529451847076,-0.14877493679523468
1772796616075536000,6.401535888671875,-1.353763461112976,-0.11522507667541504,-0.026020394638180733
1772796616085527800,6.41152783203125,-1.3566428422927856,-0.14230462908744812,0.07893159240484238
1772796616095519700,6.421519775390625,-1.3723779916763306,-0.20215637981891632,0.1604091078042984
1772796616105512000,6.431511962890625,-1.3829292058944702,-0.25509655475616455,0.21276205778121948
1772796616115503900,6.44150390625,-1.3960555791854858,-0.28253549337387085,0.22781267762184143
1772796616125495800,6.451495849609375,-1.404706597328186,-0.2885989844799042,0.2168487161397934
1772796616135487700,6.46148779296875,-1.4095603227615356,-0.2844655215740204,0.18428750336170197
1772796616145480000,6.47147998046875,-1.4153262376785278,-0.2664894461631775,0.13810110092163086
1772796616155472000,6.481471923828125,-1.425782322883606,-0.2467547059059143,0.07862915098667145
1772796616165463800,6.4914638671875,-1.4410183429718018,-0.25313326716423035,0.013647225685417652
1772796616175455700,6.501455810546875,-1.4567818641662598,-0.29048967361450195,-0.04793313145637512
1772796616185448000,6.511447998046875,-1.474542260169983,-0.36198514699935913,-0.09578880667686462
1772796616195441000,6.52144091796875,-1.4965529441833496,-0.43855586647987366,-0.1289137750864029
1772796616205432800,6.531432861328125,-1.5301215648651123,-0.5087147355079651,-0.15523725748062134
1772796616215424800,6.5414248046875,-1.5632842779159546,-0.569826066493988,-0.1704605519771576
1772796616225417000,6.5514169921875,-1.5933665037155151,-0.6029099822044373,-0.18443763256072998
1772796616235409000,6.561408935546875,-1.6118831634521484,-0.6104177832603455,-0.18200816214084625
1772796616245400800,6.57140087890625,-1.6201528310775757,-0.5882911682128906,-0.16782337427139282
1772796616255392800,6.581392822265625,-1.6269593238830566,-0.5449934601783752,-0.15040333569049835
1772796616265385000,6.591385009765625,-1.6321170330047607,-0.4960104823112488,-0.12064357101917267
1772796616275377000,6.601376953125,-1.6448438167572021,-0.45238950848579407,-0.08893539756536484
1772796616285368800,6.611368896484375,-1.6584906578063965,-0.4052092134952545,-0.05180453509092331
1772796616295360800,6.62136083984375,-1.6645139455795288,-0.3654804527759552,-0.01650279015302658
1772796616305354000,6.63135400390625,-1.6679898500442505,-0.34580501914024353,0.010362114757299423
1772796616315345700,6.641345703125,-1.6636102199554443,-0.3301025629043579,0.02959415130317211
1772796616325337900,6.651337890625,-1.6746015548706055,-0.3279174268245697,0.04704850912094116
1772796616335329800,6.661329833984375,-1.6899703741073608,-0.29327118396759033,0.048380788415670395
1772796616345322000,6.671322021484375,-1.682930827140808,-0.2522454559803009,0.046036139130592346
1772796616355313700,6.681313720703125,-1.6810386180877686,-0.21187959611415863,0.03407393395900726
1772796616365305900,6.691305908203125,-1.6867928504943848,-0.14991876482963562,0.058218952268362045
1772796616375297800,6.7012978515625,-1.7293564081192017,-0.08541592210531235,0.16040831804275513
1772796616385290000,6.7112900390625,-1.7899960279464722,-0.09433750808238983,0.2470041960477829
1772796616395281700,6.72128173828125,-1.8356415033340454,-0.1856101155281067,0.2929809093475342
1772796616405273900,6.73127392578125,-1.848669171333313,-0.3447344899177551,0.2871784269809723
1772796616415267000,6.74126708984375,-1.863313913345337,-0.4996958076953888,0.24545538425445557
1772796616425258800,6.7512587890625,-1.8814687728881836,-0.6357737183570862,0.1683206558227539
1772796616435251000,6.7612509765625,-1.894156813621521,-0.7276202440261841,0.062173712998628616
1772796616445243000,6.771242919921875,-1.8934247493743896,-0.7594418525695801,-0.05835270136594772
1772796616455234800,6.78123486328125,-1.893568515777588,-0.7474851608276367,-0.16106925904750824
1772796616465227000,6.79122705078125,-1.9106683731079102,-0.7011438012123108,-0.21945267915725708
1772796616475218700,6.80121875,-1.9400709867477417,-0.6557558178901672,-0.24445702135562897
